{
  "roc_auc": 0.8389834154672031,
  "precision": 0.6325,
  "recall": 0.5417558886509636,
  "f1": 0.5836216839677048,
  "support_positive": 467,
  "classes": [
    0,
    1
  ],
  "n_train": 5282,
  "n_test": 1761
}